Workbook

Sheet parameter
B2: parameter
B4: attitdue (km) | C4: 500 | E4: LTAN | F4: 0 | G4: 0 | H4: 3.3343
B5: Beta angle(deg) | C5: =INDEX(G4:H28,MATCH(F4,G4:G28,0),2) -> 3.3343 | G5: 1 | H5: -10.271498
B6: Earth Gravitational Standard Cosntant (km3/sec2) | C6: 398600 | G6: 2 | H6: -23.52829
B7: Earth Effective Radius (km) | C7: 6378.14 | G7: 3 | H7: -36.118151
B8: orbital period (sec) | C8: =2*PI()*SQRT(($C$7+$C$4)^3/$C$6) -> 5676.9849 | G8: 4 | H8: -47.400155
G9: 5 | H9: -56.011314
B10: sunlight (sec) | C10: =IF(C5 < ASIN(C7/(C7+C4))*180/PI(), (360-2*ASIN((((1/COS(C5*PI()/180))^2)*(((C7/(C7+C4))^2-(SIN(C5*PI()/180))^2)))^0.5)*180/PI())/360*C8, C8) -> 3532.9941 | G10: 6 | H10: -59.5711
B11: Eclipse (sec) | C11: =C8-C10 -> 2143.9908 | G11: 7 | H11: -56.42613
B12: conversion efficiency (%) | C12: =90 -> 90 | G12: 8 | H12: -48.06262
G13: 9 | H13: -36.902156
B14: DoD reference | C14: 0.2 | G14: 10 | H14: -24.372771
B15: Conversion Efficiency | C15: 0.9 | G15: 11 | H15: -11.147553
B16: required margin | C16: 0.4 | G16: 12 | H16: 2.4420052
G17: 13 | H17: 16.205457
G18: 14 | H18: 29.998123
G19: 15 | H19: 43.647692
G20: 16 | H20: 56.810927
G21: 17 | H21: 68.422001
G22: 18 | H22: 74.371379
G23: 19 | H23: 69.058097
G24: 20 | H24: 57.633973
G25: 21 | H25: 44.524976
G26: 22 | H26: 30.893332
G27: 23 | H27: 17.103945
G28: 24 | H28: 3.3343

Sheet Power analysis
A2: channel | B2: Subsystem | C2: Component | D2: Product | E2: Mode | F2: Voltage Input | G2: Current(A) | J2: Power | N2: Duty(%) | R2: Consumption Power (W) | X2: Note
G3: Idle | H3: Nominal | I3: Peak | J3: Idel | K3: Nominal | L3: Peak | M3: Mode | N3: Detumbling | O3: sun pointing | P3: Mission | Q3: S-band COM | R3: Detumbling | S3: sun pointing | T3: Mission | U3: S-band COM | X3: Orbit period | Y3: 5676.9849
M4: Time | N4: =Y3 -> 5676.9849 | O4: =Y5 -> 3532.9941 | P4: =Y4 -> 900 | Q4: =Y4 -> 900 | X4: Missiond period | Y4: =15*60 -> 900
A5: 5.5V (2) | B5: PAYS | F5: 5 | H5: =K5/F5 -> 0.04 | K5: 0.2 | N5: 0 | O5: 0 | P5: =900/Y3 -> 0.15853486 | Q5: 0 | R5: =N5*K5 -> 0 | S5: =O5*K5 -> 0 | T5: =P5*K5 -> 0.031706972 | U5: =Q5*K5 -> 0 | X5: sunlight (sec) | Y5: =parameter!C10 -> 3532.9941
A6: TBD | B6: PAYR | F6: 5 | H6: =K6/F6 -> 0.04 | I6: =L6/F6 -> 0.4 | K6: 0.2 | L6: 2 | N6: 0 | O6: 1 | P6: 0 | Q6: 0 | R6: =N6*K6 -> 0 | S6: =O6*K6 -> 0.2 | T6: =P6*K6 -> 0 | U6: =Q6*K6 -> 0 | X6: Eclipse (sec) | Y6: =parameter!C11 -> 2143.9908
A7: 3.3V (2) | B7: PAYC | C7: Cam | D7: NanoCam - 70 mm | F7: 3.3 | G7: 0.115 | H7: 0.242 | I7: 0.394 | J7: =F7*G7 -> 0.3795 | K7: =H7*F7 -> 0.7986 | L7: =I7*F7 -> 1.3002 | N7: 0 | O7: 0 | P7: =900/Y3 -> 0.15853486 | Q7: 0 | R7: =N7*K7 -> 0 | S7: =O7*K7 -> 0 | T7: =P7*L7 -> 0.20612702 | U7: =Q7*L7 -> 0
A8: 3.3V | B8: ACDS | C8: ADCS module | D8: Cubecomputer | F8: 3.3 | H8: =0.12/F8 -> 0.036363636 | I8: =0.2/F8 -> 0.060606061 | K8: =H8*F8 -> 0.12 | L8: =I8*F8 -> 0.2 | N8: 1 | O8: =1 -> 1 | P8: =900/$Y$3 -> 0.15853486 | Q8: 0.16 | R8: =N8*K8 -> 0.12 | S8: =O8*K8 -> 0.12 | T8: =P8*$L$8+(1-P8)*K8 -> 0.13268279 | U8: =Q8*$L$8+$K$8*(1-Q8) -> 0.1328 | X8: solar panel efficiency | Y8: 0.3
A9: 3.3V | D9: Cubesense V3 x 2 | F9: 3.3 | H9: =0.2/F9 -> 0.060606061 | I9: =0.4/F9 -> 0.12121212 | K9: =H9*F9 -> 0.2 | L9: =I9*F9 -> 0.4 | N9: 1 | O9: =1 -> 1 | P9: =900/$Y$3 -> 0.15853486 | Q9: 0.16 | R9: =N9*K9 -> 0.2 | S9: =O9*K9 -> 0.2 | T9: =P9*$L$8+(1-P9)*K9 -> 0.2 | U9: =Q9*$L$9+$K$9*(1-Q9) -> 0.232 | X9: Emppt | Y9: 0.6
A10: 5V | D10: CubeTorquers rod | F10: 5 | H10: =0.07*5/5 -> 0.07 | I10: =0.167*5/5 -> 0.167 | K10: =H10*F10 -> 0.35 | L10: =I10*F10 -> 0.835 | N10: 1 | O10: =1 -> 1 | P10: =900/$Y$3 -> 0.15853486 | Q10: 0.16 | R10: =N10*K10 -> 0.35 | S10: =O10*K10 -> 0.35 | T10: =P10*$L$10+(1-P10)*K10 -> 0.42688941 | U10: =Q10*$L$10+$K$10*(1-Q10) -> 0.4276 | X10: Etmp | Y10: 0.8
A11: 5V | D11: CubeTorquers coil | F11: 5 | H11: =0.064/F11 -> 0.0128 | K11: =H11*F11 -> 0.064 | N11: 1 | O11: =1 -> 1 | P11: =1 -> 1 | Q11: 1 | R11: =N11*K11 -> 0.064 | S11: =O11*K11 -> 0.064 | T11: =P11*$K$11 -> 0.064 | U11: =Q11*$K$11 -> 0.064 | X11: Eman | Y11: 0.8
A12: 3.3V | D12: Cubecontrol | F12: 3.3 | H12: =0.2/F12 -> 0.060606061 | K12: =H12*F12 -> 0.2 | N12: 1 | O12: =1 -> 1 | P12: 1 | Q12: 1 | R12: =N12*K12 -> 0.2 | S12: =O12*K12 -> 0.2 | T12: =P12*$K$12 -> 0.2 | U12: =Q12*$K$12 -> 0.2
A13: 3.3V | D13: CubeMag | F13: 3.3 | H13: =0.035/F13 -> 0.010606061 | K13: =H13*F13 -> 0.035 | N13: 1 | O13: =1 -> 1 | P13: 1 | Q13: 1 | R13: =N13*K13 -> 0.035 | S13: =O13*K13 -> 0.035 | T13: =P13*$K$13 -> 0.035 | U13: =Q13*$K$13 -> 0.035
A14: VBAT | D14: Wheel x 3 | F14: 8.26 | G14: =0.065*3/F14 -> 0.023607748 | H14: =0.19*3/F14 -> 0.069007264 | I14: =2.3*3/F14 -> 0.83535109 | J14: =F14*G14 -> 0.195 | K14: =H14*F14 -> 0.57 | L14: =I14*F14 -> 6.9 | N14: 0 | O14: =1 -> 1 | P14: =900/$Y$3 -> 0.15853486 | Q14: 0.16 | R14: =N14*K14 -> 0 | S14: =O14*K14 -> 0.57 | T14: =P14*$L$14+(1-P14)*K14 -> 1.5735257 | U14: =Q14*$L$14+$K$14*(1-Q14) -> 1.5828 | X14: Depth of Discharge | Y14: 0.2
A15: 3.3V | C15: GPS antenna | D15: TW1829 | F15: 3.3 | H15: 0.0121 | K15: =H15*F15 -> 0.03993 | N15: 0 | O15: =1 -> 1 | P15: 1 | Q15: 1 | R15: =N15*K15 -> 0 | S15: =O15*K15 -> 0.03993 | T15: =P15*K15 -> 0.03993 | U15: =Q15*K15 -> 0.03993 | X15: Conversion Efficiency | Y15: 0.9
A16: 3.3V (1) | C16: GPS Rx | D16: OEM719 | F16: 3.3 | H16: 0.012 | K16: =H16*F16 -> 0.0396 | N16: 0 | O16: =1 -> 1 | P16: 1 | Q16: 1 | R16: =N16*K16 -> 0 | S16: =O16*K16 -> 0.0396 | T16: =P16*K16 -> 0.0396 | U16: =Q16*K16 -> 0.0396 | X16: required margin | Y16: 0.4
B17: EPS | C17: Battery | D17: Optimus-40 | K17: 0.1 | N17: 1 | O17: =1 -> 1 | P17: 1 | Q17: 1 | R17: =N17*K17 -> 0.1 | S17: =O17*K17 -> 0.1 | T17: =P17*K17 -> 0.1 | U17: =Q17*K17 -> 0.1
C18: PCDU | D18: Starbuck-Nano-Plus | K18: 0.2 | N18: 1 | O18: =1 -> 1 | P18: 1 | Q18: 1 | R18: =N18*K18 -> 0.2 | S18: =O18*K18 -> 0.2 | T18: =P18*K18 -> 0.2 | U18: =Q18*K18 -> 0.2
C19: Solar cell | D19: GOMspace | H19: 0 | K19: =H19*F19 -> 0 | N19: 1 | O19: =1 -> 1 | P19: 1 | Q19: 1 | R19: =N19*K19 -> 0 | S19: =O19*K19 -> 0 | T19: =P19*K19 -> 0 | U19: =Q19*K19 -> 0
A20: TBD | B20: CNDH | C20: OBC | D20: NST | F20: 3.3 | H20: =0.4/F20 -> 0.12121212 | I20: =1/F20 -> 0.3030303 | K20: =H20*F20 -> 0.4 | L20: =I20*F20 -> 1 | N20: 1 | O20: =1 -> 1 | P20: 1 | Q20: 1 | R20: =N20*K20 -> 0.4 | S20: =O20*K20 -> 0.4 | T20: =P20*L20 -> 1 | U20: =Q20*L20 -> 1
A21: 3.3V | B21: COMS | C21: UHF antenna | D21: ISIS | F21: 3.3 | H21: =0.04/F21 -> 0.012121212 | I21: =2/F21 -> 0.60606061 | K21: =H21*F21 -> 0.04 | L21: =I21*F21 -> 2 | N21: 1 | O21: =1 -> 1 | P21: 1 | Q21: 0 | R21: =N21*K21 -> 0.04 | S21: =O21*K21 -> 0.04 | T21: =P21*K21 -> 0.04 | U21: =Q21*L21 -> 0
A22: 3.3V | C22: UHF TRx | D22: NanoCom AX100 | E22: Rx | F22: 3.3 | G22: 0.045 | H22: 0.055 | I22: 0.12 | J22: =F22*G22 -> 0.1485 | K22: =H22*F22 -> 0.1815 | L22: =I22*F22 -> 0.396 | N22: 0 | O22: 1 | P22: 0 | Q22: 0 | R22: =N22*K22 -> 0 | S22: =O22*L22 -> 0.396 | T22: =P22*L22 -> 0 | U22: =Q22*L22 -> 0
A23: 3.3V | E23: Tx | F23: 3.3 | G23: 0.6 | I23: 1 | J23: =F23*G23 -> 1.98 | L23: =I23*F23 -> 3.3 | N23: 0.1 | O23: 0 | P23: 0.16 | Q23: 0.16 | R23: =N23*K23 -> 0 | S23: =O23*K23 -> 0 | T23: =P23*L23 -> 0.528 | U23: =Q23*L23 -> 0.528
A24: 5V | C24: S-band TRx | D24: PULSAR-STX | E24: Tx | F24: 5 | G24: =J24/5 -> 0.122 | H24: =K24/5 -> 0.54 | I24: =L24/5 -> 1 | J24: 0.61 | K24: 2.7 | L24: 5 | N24: 0 | O24: 0 | P24: 0 | Q24: 0.16 | R24: =N24*K24 -> 0 | S24: =O24*K24 -> 0 | T24: =P24*K24 -> 0 | U24: =Q24*K24 -> 0.432
N25: total power consumption | R25: =SUM(R5:R24) -> 1.709 | S25: =SUM(S5:S24)/Y15 -> 3.2828111 | T25: =SUM(T5:T24)/Y15 -> 5.3527354 | U25: =SUM(U5:U24)/Y15 -> 5.5708111 | V25: W | W25: worst case
N26: Power generation (orbit average) | R26: =1.135*(6*3+6*3+4*3+4*3)/(3+3+3+3+1+1)*Y5/3600 -> 4.7737479 | S26: =1.135*20*$Y$5/3600 -> 22.27749 | V26: Wh
N27: Need battery capacity (orbit average) | R27: =R25*Y3/3600 -> 2.6949909 | S27: =S25*$Y$3/3600 -> 5.176797 | T27: =T25*$Y$3/3600 -> 8.4409439 | U27: =U25*$Y$3/3600 -> 8.7848362 | V27: Wh
N28: Power Margin Value | R28: =R26-R27 -> 2.0787571 | S28: =$S$26-S27 -> 17.100693 | T28: =$S$26-T27 -> 13.836547 | U28: =$S$26-U27 -> 13.492654 | V28: Wh
N29: Power Margin | R29: =100*($R$26/R27-1) -> 77.134104 | S29: =100*($S$26/S27-1) -> 330.33348 | V29: %
N30: Residual/Generation | R30: =R28/$R$26*100 -> 43.545597 | S30: =S28/$S$26*100 -> 76.762208 | T30: =T28/$S$26*100 -> 62.109988 | U30: =U28/$S$26*100 -> 60.566311 | V30: % | W30: >40%
N31: DoD (Depth of discharge) | R31: =R27/40*100 -> 6.7374772 | S31: =S27/40*100 -> 12.941992 | T31: =T27/40*100 -> 21.10236 | U31: =U27/40*100 -> 21.962091 | V31: %
N32: SoC (state of charge) | R32: =(40-R27)/40*100 -> 93.262523 | S32: =(40-S27)/40*100 -> 87.058008 | T32: =(40-T27)/40*100 -> 78.89764 | U32: =(40-U27)/40*100 -> 78.037909 | V32: %
N33: charging rate | R33: =(R26-R27)/40*100 -> 5.1968926 | S33: =(S26-S27)/40*100 -> 42.751734

Sheet Sheet1
A1: After sun-pointing, charging magnitude | E1: ='Power analysis'!S26-'Power analysis'!S27 -> 17.100693 | H1: Wh
A2: SoC after sun-pointing | E2: =E1/40*100 -> 42.751734 | H2: %
A3: Need Orbit number for Full charge | E3: =100/E2 -> 2.3390864 | H3: N
A4: SoC after sun-pointing 6 orbit | E4: =IF(E2*6>100, 100, E2*6) -> 100 | H4: %
A5: After mission or S-band COM,charging magnitude | F5: =40*$E$4/100-'Power analysis'!T27 -> 31.559056 | G5: =40*$E$4/100-'Power analysis'!U27 -> 31.215164 | H5: Wh
A6: SoC after mission or S-band COM | F6: =F5/40*100 -> 78.89764 | G6: =G5/40*100 -> 78.037909 | H6: % | I6: > 40 %
A7: SoC after mission or S-band COM except margin | F7: =F5/40*100 - 40 -> 38.89764 | G7: =G5/40*100 - 40 -> 38.037909 | H7: % | I7: > 40 %
A8: Peak load | C8: 3.3V | E8: =('Power analysis'!S5+'Power analysis'!S8+'Power analysis'!S9+'Power analysis'!S7+'Power analysis'!S12+'Power analysis'!S13+'Power analysis'!S15+'Power analysis'!S16+'Power analysis'!S19+'Power analysis'!S20+'Power analysis'!S22+'Power analysis'!S23)/3.3 -> 0.43349394 | F8: =('Power analysis'!T5+'Power analysis'!T8+'Power analysis'!T9+'Power analysis'!T7+'Power analysis'!T12+'Power analysis'!T13+'Power analysis'!T15+'Power analysis'!T16+'Power analysis'!T19+'Power analysis'!T20+'Power analysis'!T22+'Power analysis'!T23)/3.3 -> 0.7312263 | G8: =('Power analysis'!U5+'Power analysis'!U8+'Power analysis'!U9+'Power analysis'!U7+'Power analysis'!U12+'Power analysis'!U13+'Power analysis'!U15+'Power analysis'!U16+'Power analysis'!U19+'Power analysis'!U20+'Power analysis'!U22+'Power analysis'!U23)/3.3 -> 0.66888788 | I8: < 4.5 A
C9: 5.0V | E9: =('Power analysis'!S6+'Power analysis'!S10+'Power analysis'!S11+'Power analysis'!S21+'Power analysis'!S24)/5 -> 0.1308 | F9: =('Power analysis'!T6+'Power analysis'!T10+'Power analysis'!T11+'Power analysis'!T21+'Power analysis'!T24)/5 -> 0.10617788 | G9: =('Power analysis'!U6+'Power analysis'!U10+'Power analysis'!U11+'Power analysis'!U21+'Power analysis'!U24)/5 -> 0.18472 | I9: < 4.5 A
C10: Vbat | E10: =('Power analysis'!S14+'Power analysis'!S18+'Power analysis'!S17)/8.26 -> 0.10532688 | F10: =('Power analysis'!T14+'Power analysis'!T18+'Power analysis'!T17)/8.26 -> 0.22681909 | G10: =('Power analysis'!U14+'Power analysis'!U18+'Power analysis'!U17)/8.26 -> 0.22794189 | I10: < 4.7 A
